InsuranceStatus_ID,Product_ID,Customer_ID,Series,InsuranceStatus_Name,Insurance_Time,Insurance_Time_Start
Insu102,Prt1263,Cus114410,Sers302,Còn bảo hành ,2,2022-02-07
Insu103,Prt1264,Cus697828,Sers303,Còn bảo hành ,2,2022-03-17
Insu104,Prt1265,Cus116886,Sers304,Còn bảo hành ,1,2022-03-25
Insu105,Prt1266,Cus700591,Sers305,Còn bảo hành ,1,2022-04-24
Insu106,Prt1267,Cus119317,Sers306,Còn bảo hành ,3,2022-03-07
Insu107,Prt1268,Cus11994,Sers307,Còn bảo hành ,2,2022-01-09
Insu108,Prt1269,Cus86132,Sers308,Còn bảo hành ,2,2022-03-10
Insu109,Prt127,Cus122710,Sers309,Còn bảo hành ,2,2022-02-19
Insu110,Prt1270,Cus709377,Sers310,Còn bảo hành ,3,2022-01-26
Insu111,Prt1271,Cus712107,Sers311,Còn bảo hành ,1,2022-03-27
Insu112,Prt1272,Cus107448,Sers312,Còn bảo hành ,1,2022-01-29
Insu113,Prt1273,Cus714768,Sers313,Còn bảo hành ,2,2022-01-14
Insu114,Prt1274,Cus113716,Sers314,Còn bảo hành ,1,2022-02-18
Insu115,Prt1275,Cus717870,Sers315,Còn bảo hành ,3,2022-02-03
Insu116,Prt1276,Cus115936,Sers316,Còn bảo hành ,3,2022-04-09
Insu117,Prt1277,Cus118833,Sers317,Còn bảo hành ,2,2022-04-11
Insu118,Prt1278,Cus722717,Sers318,Còn bảo hành ,2,2022-04-23
Insu119,Prt1279,Cus120524,Sers319,Còn bảo hành ,1,2022-01-12
Insu120,Prt128,Cus123969,Sers320,Còn bảo hành ,2,2022-01-10
Insu121,Prt1280,Cus730195,Sers321,Còn bảo hành ,2,2022-04-18
Insu122,Prt1281,Cus128615,Sers322,Còn bảo hành ,1,2022-01-05
Insu123,Prt1282,Cus735721,Sers323,Còn bảo hành ,3,2022-02-12
Insu124,Prt1283,Cus132979,Sers324,Còn bảo hành ,3,2022-02-08
Insu125,Prt1284,Cus738236,Sers325,Còn bảo hành ,1,2022-03-22
Insu126,Prt1285,Cus135146,Sers326,Còn bảo hành ,3,2022-04-03
Insu127,Prt1286,Cus138173,Sers327,Còn bảo hành ,2,2022-01-26
Insu128,Prt1287,Cus745005,Sers328,Còn bảo hành ,2,2022-04-08
Insu129,Prt1288,Cus139194,Sers329,Còn bảo hành ,3,2022-01-29
Insu130,Prt1289,Cus746088,Sers330,Còn bảo hành ,2,2022-02-28
Insu131,Prt129,Cus142318,Sers331,Còn bảo hành ,2,2022-02-23
Insu132,Prt1290,Cus145575,Sers332,Còn bảo hành ,2,2022-03-25
Insu133,Prt1291,Cus752823,Sers333,Còn bảo hành ,3,2022-03-05
Insu134,Prt1292,Cus953439,Sers334,Còn bảo hành ,1,2022-01-18
Insu135,Prt1293,Cus686245,Sers335,Còn bảo hành ,1,2022-01-22
Insu136,Prt1294,Cus955953,Sers336,Còn bảo hành ,3,2022-02-27
Insu137,Prt1295,Cus957213,Sers337,Còn bảo hành ,2,2022-01-06
Insu138,Prt1296,Cus110243,Sers338,Còn bảo hành ,2,2022-01-01
Insu139,Prt1297,Cus959565,Sers339,Còn bảo hành ,2,2022-02-19
Insu140,Prt1298,Cus990404,Sers340,Còn bảo hành ,3,2022-04-27
Insu141,Prt1299,Cus993236,Sers341,Còn bảo hành ,1,2022-04-23
Insu142,Prt13,Cus99483,Sers342,Còn bảo hành ,1,2022-01-13
Insu143,Prt130,Cus704948,Sers343,Còn bảo hành ,2,2022-04-29
Insu144,Prt1300,Cus997210,Sers344,Còn bảo hành ,2,2022-03-17
Insu145,Prt1301,Cus712249,Sers345,Còn bảo hành ,2,2022-02-07
Insu146,Prt1302,Cus116282,Sers346,Còn bảo hành ,3,2022-04-27
Insu147,Prt1303,Cus120768,Sers347,Còn bảo hành ,3,2022-02-21
Insu148,Prt1304,Cus124347,Sers348,Còn bảo hành ,1,2022-02-18
Insu149,Prt1305,Cus129329,Sers349,Còn bảo hành ,1,2022-04-05
Insu150,Prt1306,Cus13540,Sers350,Còn bảo hành ,2,2022-01-14
Insu151,Prt1307,Cus142642,Sers351,Còn bảo hành ,1,2022-03-05
Insu152,Prt1308,Cus146226,Sers352,Còn bảo hành ,1,2022-01-04
Insu153,Prt1309,Cus844153,Sers353,Còn bảo hành ,1,2022-03-23
Insu154,Prt131,Cus104235,Sers354,Còn bảo hành ,2,2022-04-22
Insu155,Prt1310,Cus68879,Sers355,Còn bảo hành ,1,2022-02-01
Insu156,Prt1311,Cus108689,Sers356,Còn bảo hành ,2,2022-02-06
Insu157,Prt1312,Cus958466,Sers357,Còn bảo hành ,1,2022-02-01
Insu158,Prt1313,Cus693189,Sers358,Còn bảo hành ,2,2022-02-28
Insu159,Prt1314,Cus988934,Sers359,Còn bảo hành ,3,2022-03-01
Insu160,Prt1315,Cus990149,Sers360,Còn bảo hành ,1,2022-04-06
Insu161,Prt1316,Cus991331,Sers361,Còn bảo hành ,3,2022-02-23
Insu162,Prt1317,Cus993040,Sers362,Còn bảo hành ,1,2022-04-05
Insu163,Prt1318,Cus703391,Sers363,Còn bảo hành ,3,2022-01-28
Insu164,Prt1319,Cus704602,Sers364,Còn bảo hành ,2,2022-03-06
Insu165,Prt132,Cus705889,Sers365,Còn bảo hành ,2,2022-03-06
Insu166,Prt1320,Cus708729,Sers366,Còn bảo hành ,1,2022-01-30
Insu167,Prt1321,Cus711823,Sers367,Hết bảo hành,2,2017-02-11
Insu168,Prt1322,Cus714424,Sers368,Hết bảo hành,3,2017-01-15
Insu169,Prt1323,Cus113280,Sers369,Hết bảo hành,3,2017-10-18
Insu170,Prt1324,Cus115872,Sers370,Hết bảo hành,3,2017-01-28
Insu171,Prt1325,Cus11839,Sers371,Hết bảo hành,2,2018-04-10
Insu172,Prt1326,Cus120468,Sers372,Hết bảo hành,1,2017-08-02
Insu173,Prt1327,Cus132333,Sers373,Hết bảo hành,1,2017-01-04
Insu174,Prt1328,Cus135113,Sers374,Hết bảo hành,3,2017-01-09
Insu175,Prt1329,Cus137629,Sers375,Hết bảo hành,2,2017-06-22
Insu176,Prt133,Cus138972,Sers376,Hết bảo hành,2,2018-02-18
Insu177,Prt1330,Cus14213,Sers377,Hết bảo hành,3,2017-06-14
Insu178,Prt1331,Cus937389,Sers378,Hết bảo hành,2,2018-01-09
Insu179,Prt1332,Cus937664,Sers379,Hết bảo hành,1,2018-01-23
Insu180,Prt1333,Cus66952,Sers380,Hết bảo hành,2,2017-02-28
Insu181,Prt1334,Cus649080,Sers381,Hết bảo hành,3,2017-03-20
Insu182,Prt1335,Cus938101,Sers382,Hết bảo hành,2,2017-12-17
Insu183,Prt1336,Cus649771,Sers383,Hết bảo hành,2,2017-04-11
Insu184,Prt1337,Cus649773,Sers384,Hết bảo hành,3,2018-02-01
Insu185,Prt1338,Cus830342,Sers385,Hết bảo hành,1,2017-08-14
Insu186,Prt1339,Cus963644,Sers386,Hết bảo hành,2,2017-05-27
Insu187,Prt134,Cus830420,Sers387,Hết bảo hành,1,2017-12-21
Insu188,Prt1340,Cus831245,Sers388,Hết bảo hành,1,2017-06-14
Insu189,Prt1341,Cus83158,Sers389,Hết bảo hành,3,2017-12-05
Insu190,Prt1342,Cus655173,Sers390,Hết bảo hành,3,2017-04-03
Insu191,Prt1343,Cus96472,Sers391,Hết bảo hành,1,2017-12-11
Insu192,Prt1344,Cus831794,Sers392,Hết bảo hành,3,2017-06-15
Insu193,Prt1345,Cus965163,Sers393,Hết bảo hành,2,2017-08-13
Insu194,Prt1346,Cus965167,Sers394,Hết bảo hành,2,2018-01-01
Insu195,Prt1347,Cus673198,Sers395,Hết bảo hành,2,2017-04-30
Insu196,Prt1348,Cus940897,Sers396,Hết bảo hành,2,2017-02-23
Insu197,Prt1349,Cus673233,Sers397,Hết bảo hành,2,2017-09-12
Insu198,Prt135,Cus652164,Sers398,Hết bảo hành,1,2017-05-30
Insu199,Prt1350,Cus832851,Sers399,Hết bảo hành,3,2017-09-17
Insu200,Prt1351,Cus657370,Sers400,Hết bảo hành,3,2017-07-31
Insu201,Prt1352,Cus83316,Sers401,Hết bảo hành,1,2018-01-22
Insu202,Prt1353,Cus657450,Sers402,Hết bảo hành,1,2018-03-07
Insu203,Prt1354,Cus966417,Sers403,Hết bảo hành,1,2018-04-11
Insu204,Prt1355,Cus966665,Sers404,Hết bảo hành,1,2017-12-29
Insu205,Prt1356,Cus966999,Sers405,Hết bảo hành,1,2017-06-11
Insu206,Prt1357,Cus674964,Sers406,Hết bảo hành,1,2018-04-06
Insu207,Prt1358,Cus654486,Sers407,Hết bảo hành,2,2017-02-08
Insu208,Prt1359,Cus675571,Sers408,Hết bảo hành,2,2018-02-27
Insu209,Prt136,Cus675573,Sers409,Hết bảo hành,1,2017-08-12
Insu210,Prt1360,Cus968149,Sers410,Hết bảo hành,3,2017-06-01
Insu211,Prt1361,Cus676379,Sers411,Hết bảo hành,2,2017-08-17
Insu212,Prt1362,Cus968582,Sers412,Hết bảo hành,3,2018-03-03
Insu213,Prt1363,Cus945158,Sers413,Hết bảo hành,1,2017-11-17
Insu214,Prt1364,Cus660124,Sers414,Hết bảo hành,2,2017-01-23
Insu215,Prt1365,Cus836854,Sers415,Hết bảo hành,2,2018-04-05
Insu216,Prt1366,Cus656872,Sers416,Hết bảo hành,2,2017-11-14
Insu217,Prt1367,Cus837529,Sers417,Hết bảo hành,3,2017-12-22
Insu218,Prt1368,Cus971098,Sers418,Hết bảo hành,1,2017-09-17
Insu219,Prt1369,Cus661016,Sers419,Hết bảo hành,2,2017-11-10
Insu220,Prt137,Cus661026,Sers420,Hết bảo hành,1,2018-04-23
Insu221,Prt1370,Cus679558,Sers421,Hết bảo hành,2,2017-07-15
Insu222,Prt1371,Cus661757,Sers422,Hết bảo hành,3,2017-04-11
Insu223,Prt1372,Cus839183,Sers423,Hết bảo hành,3,2017-08-17
Insu224,Prt1373,Cus972590,Sers424,Hết bảo hành,3,2017-06-08
Insu225,Prt1374,Cus839741,Sers425,Hết bảo hành,3,2017-01-05
Insu226,Prt1375,Cus972994,Sers426,Hết bảo hành,1,2018-04-11
Insu227,Prt1376,Cus681462,Sers427,Hết bảo hành,2,2017-07-29
Insu228,Prt1377,Cus66055,Sers428,Hết bảo hành,3,2017-07-10
Insu229,Prt1378,Cus841772,Sers429,Hết bảo hành,1,2017-05-05
Insu230,Prt1379,Cus665729,Sers430,Hết bảo hành,1,2017-11-25
Insu231,Prt138,Cus842700,Sers431,Hết bảo hành,1,2017-02-17
Insu232,Prt1380,Cus9874,Sers432,Hết bảo hành,1,2017-02-11
Insu233,Prt1381,Cus115273,Sers433,Hết bảo hành,3,2017-05-19
Insu234,Prt1382,Cus698517,Sers434,Hết bảo hành,1,2017-10-16
Insu235,Prt1383,Cus704415,Sers435,Hết bảo hành,3,2018-01-19
Insu236,Prt1384,Cus997985,Sers436,Hết bảo hành,2,2017-01-20
Insu237,Prt1385,Cus708471,Sers437,Hết bảo hành,3,2017-02-26
Insu238,Prt1386,Cus722837,Sers438,Hết bảo hành,2,2017-02-22
Insu239,Prt1387,Cus119876,Sers439,Hết bảo hành,3,2017-01-31
Insu240,Prt1388,Cus138501,Sers440,Hết bảo hành,1,2018-01-14
Insu241,Prt1389,Cus750404,Sers441,Hết bảo hành,1,2017-12-27
Insu242,Prt139,Cus145883,Sers442,Hết bảo hành,2,2017-01-24
Insu243,Prt1390,Cus145979,Sers443,Hết bảo hành,3,2018-04-18
Insu244,Prt1391,Cus76324,Sers444,Hết bảo hành,3,2017-03-04
Insu245,Prt1392,Cus590813,Sers445,Hết bảo hành,3,2017-03-07
Insu246,Prt1393,Cus571912,Sers446,Hết bảo hành,2,2017-12-12
Insu247,Prt1394,Cus772582,Sers447,Hết bảo hành,3,2017-08-26
Insu248,Prt1395,Cus57422,Sers448,Hết bảo hành,1,2017-09-06
Insu249,Prt1396,Cus773504,Sers449,Hết bảo hành,1,2018-04-30
Insu250,Prt1397,Cus881220,Sers450,Hết bảo hành,3,2018-04-16
Insu251,Prt1398,Cus595072,Sers451,Hết bảo hành,1,2017-10-20
Insu252,Prt1399,Cus881435,Sers452,Hết bảo hành,2,2017-04-18
Insu253,Prt14,Cus882225,Sers453,Hết bảo hành,2,2017-08-07
Insu254,Prt140,Cus774746,Sers454,Hết bảo hành,2,2017-03-05
Insu255,Prt1400,Cus882575,Sers455,Hết bảo hành,3,2018-04-01
Insu256,Prt1401,Cus576635,Sers456,Hết bảo hành,3,2017-10-06
Insu257,Prt1402,Cus597981,Sers457,Hết bảo hành,2,2017-05-23
Insu258,Prt1403,Cus884480,Sers458,Hết bảo hành,1,2017-06-22
Insu259,Prt1404,Cus598469,Sers459,Hết bảo hành,2,2017-10-04
Insu260,Prt1405,Cus603941,Sers460,Hết bảo hành,2,2017-04-14
Insu261,Prt1406,Cus887454,Sers461,Hết bảo hành,1,2017-05-15
Insu262,Prt1407,Cus605384,Sers462,Hết bảo hành,1,2018-04-23
Insu263,Prt1408,Cus780810,Sers463,Hết bảo hành,3,2017-11-01
Insu264,Prt1409,Cus605600,Sers464,Hết bảo hành,2,2017-05-31
Insu265,Prt141,Cus781119,Sers465,Hết bảo hành,2,2018-02-08
Insu266,Prt1410,Cus580967,Sers466,Hết bảo hành,3,2017-10-26
Insu267,Prt1411,Cus602161,Sers467,Hết bảo hành,1,2017-07-26
Insu268,Prt1412,Cus581910,Sers468,Hết bảo hành,3,2017-08-21
Insu269,Prt1413,Cus603109,Sers469,Hết bảo hành,2,2017-08-11
Insu270,Prt1414,Cus582320,Sers470,Hết bảo hành,2,2017-04-09
Insu271,Prt1415,Cus604220,Sers471,Hết bảo hành,3,2018-02-13
Insu272,Prt1416,Cus604894,Sers472,Hết bảo hành,1,2017-05-30
Insu273,Prt1417,Cus608202,Sers473,Hết bảo hành,1,2017-06-25
Insu274,Prt1418,Cus891692,Sers474,Hết bảo hành,3,2017-01-19
Insu275,Prt1419,Cus787588,Sers475,Hết bảo hành,1,2017-06-20
Insu276,Prt142,Cus613349,Sers476,Hết bảo hành,1,2017-03-06
Insu277,Prt1420,Cus787834,Sers477,Hết bảo hành,1,2017-07-09
Insu278,Prt1421,Cus587698,Sers478,Hết bảo hành,2,2017-03-07
Insu279,Prt1422,Cus60938,Sers479,Hết bảo hành,1,2018-04-28
Insu280,Prt1423,Cus610324,Sers480,Hết bảo hành,2,2018-02-01
Insu281,Prt1424,Cus614826,Sers481,Hết bảo hành,3,2017-12-17
Insu282,Prt1425,Cus789297,Sers482,Hết bảo hành,1,2017-08-09
Insu283,Prt1426,Cus611978,Sers483,Hết bảo hành,2,2018-02-16
Insu284,Prt1427,Cus790657,Sers484,Hết bảo hành,2,2018-01-30
Insu285,Prt1428,Cus612345,Sers485,Hết bảo hành,1,2018-03-02
Insu286,Prt1429,Cus616209,Sers486,Hết bảo hành,1,2017-06-29
Insu287,Prt143,Cus791284,Sers487,Hết bảo hành,2,2017-02-11
Insu288,Prt1430,Cus89870,Sers488,Hết bảo hành,1,2017-07-28
Insu289,Prt1431,Cus614314,Sers489,Hết bảo hành,1,2017-08-07
Insu290,Prt1432,Cus899391,Sers490,Hết bảo hành,1,2017-08-08
Insu291,Prt1433,Cus792761,Sers491,Hết bảo hành,2,2018-01-04
Insu292,Prt1434,Cus618547,Sers492,Hết bảo hành,1,2017-05-12
Insu293,Prt1435,Cus615448,Sers493,Hết bảo hành,1,2017-02-02
Insu294,Prt1436,Cus902478,Sers494,Hết bảo hành,3,2017-03-09
Insu295,Prt1437,Cus794577,Sers495,Hết bảo hành,3,2017-02-14
Insu296,Prt1438,Cus795001,Sers496,Hết bảo hành,2,2018-04-07
Insu297,Prt1439,Cus622318,Sers497,Hết bảo hành,1,2017-12-22
Insu298,Prt144,Cus622608,Sers498,Hết bảo hành,1,2017-02-26
Insu299,Prt1440,Cus617930,Sers499,Hết bảo hành,1,2017-07-26
Insu300,Prt1441,Cus90487,Sers500,Hết bảo hành,3,2017-09-17
Insu301,Prt1442,Cus618880,Sers501,Hết bảo hành,3,2018-01-18
Insu302,Prt1443,Cus624003,Sers502,Hết bảo hành,3,2017-02-16
Insu303,Prt1444,Cus624046,Sers503,Hết bảo hành,2,2017-11-20
Insu304,Prt1445,Cus62026,Sers504,Hết bảo hành,1,2017-11-20
Insu305,Prt1446,Cus624836,Sers505,Hết bảo hành,1,2017-06-11
Insu306,Prt1447,Cus625054,Sers506,Hết bảo hành,2,2017-02-12
Insu307,Prt1448,Cus799567,Sers507,Hết bảo hành,3,2017-12-26
Insu308,Prt1449,Cus800348,Sers508,Hết bảo hành,2,2017-12-14
Insu309,Prt145,Cus801169,Sers509,Hết bảo hành,1,2017-12-24
Insu310,Prt1450,Cus626195,Sers510,Hết bảo hành,3,2017-06-06
Insu311,Prt1451,Cus912274,Sers511,Hết bảo hành,1,2018-02-09
Insu312,Prt1452,Cus629987,Sers512,Hết bảo hành,2,2017-12-30
Insu313,Prt1453,Cus912597,Sers513,Hết bảo hành,2,2017-11-09
Insu314,Prt1454,Cus630824,Sers514,Hết bảo hành,2,2017-05-03
Insu315,Prt1455,Cus805483,Sers515,Hết bảo hành,2,2017-10-25
Insu316,Prt1456,Cus91439,Sers516,Hết bảo hành,3,2017-10-01
Insu317,Prt1457,Cus806077,Sers517,Hết bảo hành,1,2017-01-03
Insu318,Prt1458,Cus628006,Sers518,Hết bảo hành,1,2017-05-13
Insu319,Prt1459,Cus632043,Sers519,Hết bảo hành,1,2017-07-04
Insu320,Prt146,Cus629118,Sers520,Hết bảo hành,1,2018-01-01
Insu321,Prt1460,Cus915778,Sers521,Hết bảo hành,2,2017-07-31
Insu322,Prt1461,Cus629987,Sers522,Hết bảo hành,2,2017-12-18
Insu323,Prt1462,Cus916759,Sers523,Hết bảo hành,1,2017-09-02
Insu324,Prt1463,Cus824902,Sers524,Hết bảo hành,1,2017-02-03
Insu325,Prt1464,Cus645263,Sers525,Hết bảo hành,3,2017-12-16
Insu326,Prt1465,Cus63105,Sers526,Hết bảo hành,3,2017-01-27
Insu327,Prt1466,Cus93258,Sers527,Hết bảo hành,1,2018-03-08
Insu328,Prt1467,Cus918322,Sers528,Hết bảo hành,3,2017-06-28
Insu329,Prt1468,Cus632392,Sers529,Hết bảo hành,1,2018-03-12
Insu330,Prt1469,Cus811430,Sers530,Hết bảo hành,1,2017-10-16
Insu331,Prt147,Cus632843,Sers531,Hết bảo hành,2,2017-01-11
Insu332,Prt1470,Cus637119,Sers532,Hết bảo hành,3,2017-06-21
Insu333,Prt1471,Cus812191,Sers533,Hết bảo hành,2,2017-09-27
Insu334,Prt1472,Cus920051,Sers534,Hết bảo hành,1,2017-06-27
Insu335,Prt1473,Cus813303,Sers535,Hết bảo hành,1,2017-08-19
Insu336,Prt1474,Cus638580,Sers536,Hết bảo hành,2,2017-12-11
Insu337,Prt1475,Cus920543,Sers537,Hết bảo hành,1,2017-04-23
Insu338,Prt1476,Cus639113,Sers538,Hết bảo hành,1,2018-01-22
Insu339,Prt1477,Cus814483,Sers539,Hết bảo hành,1,2017-02-15
Insu340,Prt1478,Cus640366,Sers540,Hết bảo hành,1,2017-07-30
Insu341,Prt1479,Cus815604,Sers541,Hết bảo hành,1,2018-03-23
Insu342,Prt148,Cus923256,Sers542,Hết bảo hành,1,2017-04-29
Insu343,Prt1480,Cus923275,Sers543,Hết bảo hành,3,2017-06-09
Insu344,Prt1481,Cus63825,Sers544,Hết bảo hành,3,2017-07-17
Insu345,Prt1482,Cus924356,Sers545,Hết bảo hành,1,2018-03-13
Insu346,Prt1483,Cus817849,Sers546,Hết bảo hành,2,2017-01-12
Insu347,Prt1484,Cus638601,Sers547,Hết bảo hành,3,2017-09-24
Insu348,Prt1485,Cus642491,Sers548,Hết bảo hành,1,2017-02-13
Insu349,Prt1486,Cus818363,Sers549,Hết bảo hành,3,2017-08-13
Insu350,Prt1487,Cus925869,Sers550,Hết bảo hành,3,2017-08-06
Insu351,Prt1488,Cus93322,Sers551,Hết bảo hành,2,2018-05-01
Insu352,Prt1489,Cus818858,Sers552,Hết bảo hành,1,2017-10-19
Insu353,Prt149,Cus640406,Sers553,Hết bảo hành,2,2017-12-22
Insu354,Prt1490,Cus644645,Sers554,Hết bảo hành,2,2018-03-10
Insu355,Prt1491,Cus646677,Sers555,Hết bảo hành,1,2018-02-12
Insu356,Prt1492,Cus826588,Sers556,Hết bảo hành,1,2017-03-30
Insu357,Prt1493,Cus650869,Sers557,Hết bảo hành,2,2017-10-26
Insu358,Prt1494,Cus822135,Sers558,Hết bảo hành,3,2017-01-22
Insu359,Prt1495,Cus647044,Sers559,Hết bảo hành,1,2017-10-18
Insu360,Prt1496,Cus647324,Sers560,Hết bảo hành,2,2018-01-08
Insu361,Prt1497,Cus844366,Sers561,Hết bảo hành,2,2018-04-15
Insu362,Prt1498,Cus668236,Sers562,Hết bảo hành,3,2017-06-04
Insu363,Prt1499,Cus84626,Sers563,Hết bảo hành,1,2017-05-05
Insu364,Prt15,Cus855213,Sers564,Hết bảo hành,1,2017-01-03
Insu365,Prt150,Cus115836,Sers565,Hết bảo hành,1,2017-02-22
Insu366,Prt1500,Cus857754,Sers566,Hết bảo hành,3,2018-02-15
Insu367,Prt1501,Cus118802,Sers567,Hết bảo hành,1,2018-03-20
Insu368,Prt1502,Cus860209,Sers568,Hết bảo hành,1,2017-07-14
Insu369,Prt1503,Cus863452,Sers569,Hết bảo hành,1,2017-03-12
Insu370,Prt1504,Cus105269,Sers570,Hết bảo hành,3,2017-10-04
Insu371,Prt1505,Cus11172,Sers571,Hết bảo hành,3,2017-10-16
Insu372,Prt1506,Cus717913,Sers572,Hết bảo hành,1,2017-06-19
Insu373,Prt1507,Cus722807,Sers573,Hết bảo hành,2,2017-03-16
Insu374,Prt1508,Cus72855,Sers574,Hết bảo hành,2,2018-03-26
Insu375,Prt1509,Cus734013,Sers575,Hết bảo hành,3,2017-06-05
Insu376,Prt151,Cus73833,Sers576,Hết bảo hành,1,2017-04-24
Insu377,Prt1510,Cus745077,Sers577,Hết bảo hành,2,2017-02-21
Insu378,Prt1511,Cus746101,Sers578,Hết bảo hành,1,2018-03-22
Insu379,Prt1512,Cus751401,Sers579,Hết bảo hành,1,2017-04-10
Insu380,Prt1513,Cus666918,Sers580,Hết bảo hành,2,2017-08-29
Insu381,Prt1514,Cus663761,Sers581,Hết bảo hành,2,2017-08-02
Insu382,Prt1515,Cus663904,Sers582,Hết bảo hành,2,2017-05-09
Insu383,Prt1516,Cus955537,Sers583,Hết bảo hành,2,2018-02-22
Insu384,Prt1517,Cus1057,Sers584,Hết bảo hành,1,2017-08-26
Insu385,Prt1518,Cus9810,Sers585,Hết bảo hành,1,2017-02-28
Insu386,Prt1519,Cus690078,Sers586,Hết bảo hành,3,2017-06-27
Insu387,Prt152,Cus959147,Sers587,Hết bảo hành,2,2017-04-25
Insu388,Prt1520,Cus11071,Sers588,Hết bảo hành,1,2018-02-15
Insu389,Prt1521,Cus985200,Sers589,Hết bảo hành,1,2017-07-28
Insu390,Prt1522,Cus985983,Sers590,Hết bảo hành,2,2018-02-11
Insu391,Prt1523,Cus113280,Sers591,Hết bảo hành,3,2018-02-12
Insu392,Prt1524,Cus9901,Sers592,Hết bảo hành,2,2017-08-12
Insu393,Prt1525,Cus698476,Sers593,Hết bảo hành,1,2017-05-08
Insu394,Prt1526,Cus856723,Sers594,Hết bảo hành,3,2017-12-28
Insu395,Prt1527,Cus992977,Sers595,Hết bảo hành,1,2017-09-14
Insu396,Prt1528,Cus701748,Sers596,Hết bảo hành,3,2017-03-20
Insu397,Prt1529,Cus704451,Sers597,Hết bảo hành,2,2017-07-10
Insu398,Prt153,Cus707313,Sers598,Hết bảo hành,1,2018-03-14
Insu399,Prt1530,Cus105731,Sers599,Hết bảo hành,1,2017-10-21
Insu400,Prt1531,Cus711556,Sers600,Hết bảo hành,1,2018-04-11
Insu1102,Prt1532,Cus10021v,Sers3102,Hết bảo hành,1,2012-12-15
Insu1103,Prt1533,Cus100250v,Sers3103,Hết bảo hành,1,2012-03-21
Insu1104,Prt1534,Cus1004v,Sers3104,Hết bảo hành,1,2013-05-19
Insu1105,Prt1535,Cus100785v,Sers3105,Hết bảo hành,1,2012-04-20
Insu1106,Prt1536,Cus101239v,Sers3106,Hết bảo hành,2,2012-01-28
Insu1107,Prt1537,Cus101401v,Sers3107,Hết bảo hành,1,2012-11-20
Insu1108,Prt1538,Cus101601v,Sers3108,Hết bảo hành,1,2013-09-03
Insu1109,Prt1539,Cus101645v,Sers3109,Hết bảo hành,2,2013-08-10
Insu1110,Prt154,Cus102418v,Sers3110,Hết bảo hành,1,2013-02-19
Insu1111,Prt1540,Cus10251v,Sers3111,Hết bảo hành,2,2012-11-15
Insu1112,Prt1541,Cus10288v,Sers3112,Hết bảo hành,2,2013-01-24
Insu1113,Prt1542,Cus103400v,Sers3113,Hết bảo hành,3,2012-05-13
Insu1114,Prt1543,Cus103490v,Sers3114,Hết bảo hành,2,2013-09-25
Insu1115,Prt1544,Cus104034v,Sers3115,Hết bảo hành,1,2013-09-26
Insu1116,Prt1545,Cus104107v,Sers3116,Hết bảo hành,2,2012-04-13
Insu1117,Prt1546,Cus104370v,Sers3117,Hết bảo hành,2,2013-05-15
Insu1118,Prt1547,Cus104462v,Sers3118,Hết bảo hành,2,2012-10-25
Insu1119,Prt1548,Cus104515v,Sers3119,Hết bảo hành,2,2012-12-04
Insu1120,Prt1549,Cus104516v,Sers3120,Hết bảo hành,2,2012-10-04
Insu1121,Prt155,Cus104587v,Sers3121,Hết bảo hành,2,2013-04-18
Insu1122,Prt1550,Cus104595v,Sers3122,Hết bảo hành,3,2013-03-29
Insu1123,Prt1551,Cus104747v,Sers3123,Hết bảo hành,1,2013-08-21
Insu1124,Prt1552,Cus105484v,Sers3124,Hết bảo hành,3,2013-03-24
Insu1125,Prt1553,Cus105605v,Sers3125,Hết bảo hành,3,2012-09-29
Insu1126,Prt1554,Cus105768v,Sers3126,Hết bảo hành,1,2013-10-03
Insu1127,Prt1555,Cus105861v,Sers3127,Hết bảo hành,1,2013-07-24
Insu1128,Prt1556,Cus105888v,Sers3128,Hết bảo hành,3,2013-05-26
Insu1129,Prt1557,Cus106098v,Sers3129,Hết bảo hành,1,2013-04-08
Insu1130,Prt1558,Cus106491v,Sers3130,Hết bảo hành,1,2012-12-13
Insu1131,Prt1559,Cus106730v,Sers3131,Hết bảo hành,2,2012-07-13
Insu1132,Prt156,Cus107164v,Sers3132,Hết bảo hành,2,2012-05-04
Insu1133,Prt1560,Cus107204v,Sers3133,Hết bảo hành,2,2012-04-23
Insu1134,Prt1561,Cus107296v,Sers3134,Hết bảo hành,3,2013-05-27
Insu1135,Prt1562,Cus107349v,Sers3135,Hết bảo hành,1,2012-05-12
Insu1136,Prt1563,Cus107524v,Sers3136,Hết bảo hành,2,2012-04-14
Insu1137,Prt1564,Cus10779v,Sers3137,Hết bảo hành,3,2013-10-08
Insu1138,Prt1565,Cus107892v,Sers3138,Hết bảo hành,2,2013-12-08
Insu1139,Prt1566,Cus107951v,Sers3139,Hết bảo hành,2,2012-12-23
Insu1140,Prt1567,Cus108513v,Sers3140,Hết bảo hành,3,2013-07-20
Insu1141,Prt1568,Cus10865v,Sers3141,Hết bảo hành,2,2013-11-27
Insu1142,Prt1569,Cus108804v,Sers3142,Hết bảo hành,2,2013-05-05
Insu1143,Prt157,Cus108920v,Sers3143,Hết bảo hành,1,2012-02-06
Insu1144,Prt1570,Cus109121v,Sers3144,Hết bảo hành,2,2012-05-28
Insu1145,Prt1571,Cus10916v,Sers3145,Hết bảo hành,2,2012-02-12
Insu1146,Prt1572,Cus109691v,Sers3146,Hết bảo hành,3,2012-10-11
Insu1147,Prt1573,Cus109737v,Sers3147,Hết bảo hành,3,2012-12-24
Insu1148,Prt1574,Cus1099v,Sers3148,Hết bảo hành,3,2013-02-17
Insu1149,Prt1575,Cus110311v,Sers3149,Hết bảo hành,3,2013-10-29
Insu1150,Prt1576,Cus110678v,Sers3150,Hết bảo hành,2,2013-03-03
Insu1151,Prt1577,Cus110753v,Sers3151,Hết bảo hành,2,2012-09-14
Insu1152,Prt1578,Cus110978v,Sers3152,Hết bảo hành,3,2013-01-30
Insu1153,Prt1579,Cus111106v,Sers3153,Hết bảo hành,3,2013-04-01
Insu1154,Prt158,Cus11205v,Sers3154,Hết bảo hành,1,2013-01-19
Insu1155,Prt1580,Cus112180v,Sers3155,Hết bảo hành,1,2012-09-17
Insu1156,Prt1581,Cus112354v,Sers3156,Hết bảo hành,3,2012-06-21
Insu1157,Prt1582,Cus112554v,Sers3157,Hết bảo hành,2,2012-03-01
Insu1158,Prt1583,Cus112660v,Sers3158,Hết bảo hành,2,2013-11-30
Insu1159,Prt1584,Cus112778v,Sers3159,Hết bảo hành,3,2013-09-02
Insu1160,Prt1585,Cus112900v,Sers3160,Hết bảo hành,1,2013-01-12
Insu1161,Prt1586,Cus113204v,Sers3161,Hết bảo hành,2,2012-07-17
Insu1162,Prt1587,Cus113321v,Sers3162,Hết bảo hành,3,2012-06-08
Insu1163,Prt1588,Cus11393v,Sers3163,Hết bảo hành,3,2013-06-06
Insu1164,Prt1589,Cus11395v,Sers3164,Hết bảo hành,1,2013-08-01
Insu1165,Prt159,Cus11403v,Sers3165,Hết bảo hành,2,2012-05-22
Insu1166,Prt1590,Cus11437v,Sers3166,Hết bảo hành,3,2012-07-05
Insu1167,Prt1591,Cus114546v,Sers3167,Hết bảo hành,3,2013-03-31
Insu1168,Prt1592,Cus114583v,Sers3168,Hết bảo hành,1,2012-06-02
Insu1169,Prt1593,Cus114664v,Sers3169,Hết bảo hành,1,2012-08-24
Insu1170,Prt1594,Cus114811v,Sers3170,Hết bảo hành,2,2013-05-01
Insu1171,Prt1595,Cus115001v,Sers3171,Hết bảo hành,3,2013-03-09
Insu1172,Prt1596,Cus115771v,Sers3172,Hết bảo hành,2,2012-04-03
Insu1173,Prt1597,Cus115910v,Sers3173,Hết bảo hành,3,2013-08-17
Insu1174,Prt1598,Cus116316v,Sers3174,Hết bảo hành,2,2012-02-25
Insu1175,Prt1599,Cus116515v,Sers3175,Hết bảo hành,2,2013-10-12
Insu1176,Prt16,Cus116897v,Sers3176,Hết bảo hành,2,2013-05-28
Insu1177,Prt160,Cus11748v,Sers3177,Hết bảo hành,2,2012-01-23
Insu1178,Prt1600,Cus117791v,Sers3178,Hết bảo hành,3,2012-02-01
Insu1179,Prt1601,Cus118244v,Sers3179,Hết bảo hành,1,2013-11-10
Insu1180,Prt1602,Cus118254v,Sers3180,Hết bảo hành,1,2013-06-25
Insu1181,Prt1603,Cus118377v,Sers3181,Hết bảo hành,3,2012-12-04
Insu1182,Prt1604,Cus11838v,Sers3182,Hết bảo hành,1,2012-02-25
Insu1183,Prt1605,Cus118675v,Sers3183,Hết bảo hành,1,2012-02-02
Insu1184,Prt1606,Cus119250v,Sers3184,Hết bảo hành,3,2013-03-30
Insu1185,Prt1607,Cus119301v,Sers3185,Hết bảo hành,3,2012-12-04
Insu1186,Prt1608,Cus119495v,Sers3186,Hết bảo hành,3,2012-11-27
Insu1187,Prt1609,Cus119835v,Sers3187,Hết bảo hành,1,2013-04-08
Insu1188,Prt161,Cus120387v,Sers3188,Hết bảo hành,1,2013-07-18
Insu1189,Prt1610,Cus12040v,Sers3189,Hết bảo hành,3,2013-06-29
Insu1190,Prt1611,Cus120641v,Sers3190,Hết bảo hành,1,2012-05-15
Insu1191,Prt1612,Cus120671v,Sers3191,Hết bảo hành,2,2013-08-16
Insu1192,Prt1613,Cus12101v,Sers3192,Hết bảo hành,2,2012-08-03
Insu1193,Prt1614,Cus121161v,Sers3193,Hết bảo hành,3,2012-10-03
Insu1194,Prt1615,Cus121591v,Sers3194,Hết bảo hành,3,2013-11-27
Insu1195,Prt1616,Cus122263v,Sers3195,Hết bảo hành,3,2012-09-30
Insu1196,Prt1617,Cus122881v,Sers3196,Hết bảo hành,2,2012-09-21
Insu1197,Prt1618,Cus123094v,Sers3197,Hết bảo hành,2,2012-04-04
Insu1198,Prt1619,Cus123728v,Sers3198,Hết bảo hành,3,2013-06-18
Insu1199,Prt162,Cus123935v,Sers3199,Hết bảo hành,2,2013-10-12
Insu1200,Prt1620,Cus123937v,Sers3200,Hết bảo hành,1,2013-10-16
Insu1201,Prt1621,Cus124059v,Sers3201,Hết bảo hành,3,2013-12-16
Insu1202,Prt1622,Cus124068v,Sers3202,Hết bảo hành,1,2012-08-19
Insu1203,Prt1623,Cus124331v,Sers3203,Hết bảo hành,1,2013-02-08
Insu1204,Prt1624,Cus12442v,Sers3204,Hết bảo hành,2,2013-03-02
Insu1205,Prt1625,Cus124454v,Sers3205,Hết bảo hành,1,2012-05-18
Insu1206,Prt1626,Cus124756v,Sers3206,Hết bảo hành,3,2013-05-27
Insu1207,Prt1627,Cus124766v,Sers3207,Hết bảo hành,1,2013-11-01
Insu1208,Prt1628,Cus125027v,Sers3208,Hết bảo hành,3,2013-07-15
Insu1209,Prt1629,Cus125257v,Sers3209,Hết bảo hành,2,2013-03-31
Insu1210,Prt163,Cus125325v,Sers3210,Hết bảo hành,2,2013-10-16
Insu1211,Prt1630,Cus125536v,Sers3211,Hết bảo hành,3,2013-05-01
Insu1212,Prt1631,Cus125841v,Sers3212,Hết bảo hành,2,2013-06-17
Insu1213,Prt1632,Cus126314v,Sers3213,Hết bảo hành,1,2012-12-29
Insu1214,Prt1633,Cus126937v,Sers3214,Hết bảo hành,2,2013-07-23
Insu1215,Prt1634,Cus127013v,Sers3215,Hết bảo hành,3,2013-03-18
Insu1216,Prt1635,Cus127071v,Sers3216,Hết bảo hành,2,2013-06-23
Insu1217,Prt1636,Cus127464v,Sers3217,Hết bảo hành,3,2013-09-03
Insu1218,Prt1637,Cus127721v,Sers3218,Hết bảo hành,1,2012-06-28
Insu1219,Prt1638,Cus128205v,Sers3219,Hết bảo hành,1,2012-01-21
Insu1220,Prt1639,Cus12856v,Sers3220,Hết bảo hành,3,2012-04-20
Insu1221,Prt164,Cus128751v,Sers3221,Hết bảo hành,1,2013-12-27
Insu1222,Prt1640,Cus129119v,Sers3222,Hết bảo hành,2,2012-02-22
Insu1223,Prt1641,Cus129562v,Sers3223,Hết bảo hành,1,2013-05-13
Insu1224,Prt1642,Cus129662v,Sers3224,Hết bảo hành,1,2013-12-24
Insu1225,Prt1643,Cus129741v,Sers3225,Hết bảo hành,1,2013-02-14
Insu1226,Prt1644,Cus129914v,Sers3226,Hết bảo hành,2,2013-05-01
Insu1227,Prt1645,Cus12992v,Sers3227,Hết bảo hành,1,2013-06-26
Insu1228,Prt1646,Cus130207v,Sers3228,Hết bảo hành,1,2013-08-16
Insu1229,Prt1647,Cus130940v,Sers3229,Hết bảo hành,2,2012-08-11
Insu1230,Prt1648,Cus130998v,Sers3230,Hết bảo hành,3,2012-12-24
Insu1231,Prt1649,Cus131156v,Sers3231,Hết bảo hành,3,2012-09-23
Insu1232,Prt165,Cus131164v,Sers3232,Hết bảo hành,2,2013-03-21
Insu1233,Prt1650,Cus131223v,Sers3233,Hết bảo hành,3,2013-08-25
Insu1234,Prt1651,Cus131243v,Sers3234,Hết bảo hành,1,2012-03-18
Insu1235,Prt1652,Cus131304v,Sers3235,Hết bảo hành,1,2012-08-14
Insu1236,Prt1653,Cus131383v,Sers3236,Hết bảo hành,1,2012-12-12
Insu1237,Prt1654,Cus131450v,Sers3237,Hết bảo hành,1,2012-02-27
Insu1238,Prt1655,Cus131714v,Sers3238,Hết bảo hành,2,2013-03-02
Insu1239,Prt1656,Cus131863v,Sers3239,Hết bảo hành,3,2013-05-11
Insu1240,Prt1657,Cus132918v,Sers3240,Hết bảo hành,3,2012-08-26
Insu1241,Prt1658,Cus133114v,Sers3241,Hết bảo hành,1,2013-10-24
Insu1242,Prt1659,Cus133127v,Sers3242,Hết bảo hành,3,2013-10-01
Insu1243,Prt166,Cus133348v,Sers3243,Hết bảo hành,1,2012-05-08
Insu1244,Prt1660,Cus133822v,Sers3244,Hết bảo hành,1,2012-08-09
Insu1245,Prt1661,Cus133895v,Sers3245,Hết bảo hành,1,2012-09-02
Insu1246,Prt1662,Cus134011v,Sers3246,Hết bảo hành,3,2013-09-29
Insu1247,Prt1663,Cus134317v,Sers3247,Hết bảo hành,3,2013-07-07
Insu1248,Prt1664,Cus13441v,Sers3248,Hết bảo hành,1,2012-10-01
Insu1249,Prt1665,Cus134508v,Sers3249,Hết bảo hành,1,2013-04-30
Insu1250,Prt1666,Cus134727v,Sers3250,Hết bảo hành,2,2013-07-23
Insu1251,Prt1667,Cus135122v,Sers3251,Hết bảo hành,1,2012-05-27
Insu1252,Prt1668,Cus135631v,Sers3252,Hết bảo hành,2,2013-05-14
Insu1253,Prt1669,Cus135642v,Sers3253,Hết bảo hành,1,2012-03-12
Insu1254,Prt167,Cus135830v,Sers3254,Hết bảo hành,1,2012-10-30
Insu1255,Prt1670,Cus135939v,Sers3255,Hết bảo hành,3,2013-11-06
Insu1256,Prt1671,Cus136653v,Sers3256,Hết bảo hành,3,2013-05-03
Insu1257,Prt1672,Cus136780v,Sers3257,Hết bảo hành,1,2013-12-08
Insu1258,Prt1673,Cus13705v,Sers3258,Hết bảo hành,3,2012-10-21
Insu1259,Prt1674,Cus137330v,Sers3259,Hết bảo hành,3,2012-05-01
Insu1260,Prt1675,Cus137471v,Sers3260,Hết bảo hành,1,2012-03-16
Insu1261,Prt1676,Cus137821v,Sers3261,Hết bảo hành,2,2013-01-06
Insu1262,Prt1677,Cus138278v,Sers3262,Hết bảo hành,1,2013-11-04
Insu1263,Prt1678,Cus138414v,Sers3263,Hết bảo hành,2,2012-03-21
Insu1264,Prt1679,Cus138735v,Sers3264,Hết bảo hành,3,2013-12-23
Insu1265,Prt168,Cus139573v,Sers3265,Hết bảo hành,1,2013-10-09
Insu1266,Prt1680,Cus139575v,Sers3266,Hết bảo hành,2,2013-01-21
Insu1267,Prt1681,Cus139941v,Sers3267,Hết bảo hành,3,2012-10-20
Insu1268,Prt1682,Cus140115v,Sers3268,Hết bảo hành,1,2012-01-19
Insu1269,Prt1683,Cus140335v,Sers3269,Hết bảo hành,1,2012-07-28
Insu1270,Prt1684,Cus140361v,Sers3270,Hết bảo hành,1,2013-01-02
Insu1271,Prt1685,Cus1405v,Sers3271,Hết bảo hành,1,2012-10-18
Insu1272,Prt1686,Cus14064v,Sers3272,Hết bảo hành,3,2013-06-17
Insu1273,Prt1687,Cus140703v,Sers3273,Hết bảo hành,1,2012-08-15
Insu1274,Prt1688,Cus140708v,Sers3274,Hết bảo hành,3,2013-06-06
Insu1275,Prt1689,Cus141094v,Sers3275,Hết bảo hành,2,2013-06-01
Insu1276,Prt169,Cus141420v,Sers3276,Hết bảo hành,2,2012-03-16
Insu1277,Prt1690,Cus141513v,Sers3277,Hết bảo hành,2,2013-06-29
Insu1278,Prt1691,Cus142234v,Sers3278,Hết bảo hành,1,2012-04-04
Insu1279,Prt1692,Cus142470v,Sers3279,Hết bảo hành,1,2012-04-07
Insu1280,Prt1693,Cus142614v,Sers3280,Hết bảo hành,1,2013-02-26
Insu1281,Prt1694,Cus142834v,Sers3281,Hết bảo hành,1,2012-03-19
Insu1282,Prt1695,Cus143167v,Sers3282,Hết bảo hành,3,2013-02-16
Insu1283,Prt1696,Cus143172v,Sers3283,Hết bảo hành,3,2012-07-04
Insu1284,Prt1697,Cus143182v,Sers3284,Hết bảo hành,2,2012-02-29
Insu1285,Prt1698,Cus143221v,Sers3285,Hết bảo hành,2,2013-01-31
Insu1286,Prt1699,Cus143303v,Sers3286,Hết bảo hành,2,2013-11-05
Insu1287,Prt17,Cus143676v,Sers3287,Hết bảo hành,2,2012-08-11
Insu1288,Prt170,Cus143745v,Sers3288,Hết bảo hành,2,2012-03-07
Insu1289,Prt1700,Cus143818v,Sers3289,Hết bảo hành,3,2012-01-19
Insu1290,Prt1701,Cus143856v,Sers3290,Hết bảo hành,1,2013-02-03
Insu1291,Prt1702,Cus14410v,Sers3291,Hết bảo hành,3,2013-03-28
Insu1292,Prt1703,Cus144364v,Sers3292,Hết bảo hành,1,2012-01-24
Insu1293,Prt1704,Cus144812v,Sers3293,Hết bảo hành,3,2012-07-29
Insu1294,Prt1705,Cus145566v,Sers3294,Hết bảo hành,2,2012-01-19
Insu1295,Prt1706,Cus146096v,Sers3295,Hết bảo hành,3,2013-05-12
Insu1296,Prt1707,Cus146477v,Sers3296,Hết bảo hành,3,2013-01-17
Insu1297,Prt1708,Cus147320v,Sers3297,Hết bảo hành,2,2013-01-18
Insu1298,Prt1709,Cus147348v,Sers3298,Hết bảo hành,3,2012-12-13
Insu1299,Prt171,Cus147409v,Sers3299,Hết bảo hành,1,2012-04-28
Insu1300,Prt1710,Cus147421v,Sers3300,Hết bảo hành,1,2012-05-20
Insu1301,Prt1711,Cus147871v,Sers3301,Hết bảo hành,2,2013-07-11
Insu1302,Prt1712,Cus148035v,Sers3302,Hết bảo hành,2,2013-09-30
Insu1303,Prt1713,Cus148129v,Sers3303,Hết bảo hành,2,2012-11-16
Insu1304,Prt1714,Cus148417v,Sers3304,Hết bảo hành,2,2012-09-03
Insu1305,Prt1715,Cus148507v,Sers3305,Hết bảo hành,1,2012-12-10
Insu1306,Prt1716,Cus149202v,Sers3306,Hết bảo hành,3,2012-06-13
Insu1307,Prt1717,Cus149401v,Sers3307,Hết bảo hành,1,2013-09-08
Insu1308,Prt1718,Cus14959v,Sers3308,Hết bảo hành,3,2012-07-03
Insu1309,Prt1719,Cus149639v,Sers3309,Hết bảo hành,3,2012-09-08
Insu1310,Prt172,Cus149893v,Sers3310,Hết bảo hành,2,2013-12-07
Insu1311,Prt1720,Cus149984v,Sers3311,Hết bảo hành,2,2012-04-27
Insu1312,Prt1721,Cus150063v,Sers3312,Hết bảo hành,2,2012-10-26
Insu1313,Prt1722,Cus150115v,Sers3313,Hết bảo hành,2,2012-07-01
Insu1314,Prt1723,Cus150192v,Sers3314,Hết bảo hành,2,2012-08-21
Insu1315,Prt1724,Cus150235v,Sers3315,Hết bảo hành,2,2013-06-10
Insu1316,Prt1725,Cus150408v,Sers3316,Hết bảo hành,2,2013-03-02
Insu1317,Prt1726,Cus150411v,Sers3317,Hết bảo hành,2,2013-12-26
Insu1318,Prt1727,Cus150463v,Sers3318,Hết bảo hành,2,2012-08-07
Insu1319,Prt1728,Cus15092v,Sers3319,Hết bảo hành,2,2012-08-25
Insu1320,Prt1729,Cus151294v,Sers3320,Hết bảo hành,2,2012-09-16
Insu1321,Prt173,Cus151330v,Sers3321,Hết bảo hành,1,2013-03-23
Insu1322,Prt1730,Cus15154v,Sers3322,Hết bảo hành,2,2012-04-17
Insu1323,Prt1731,Cus152180v,Sers3323,Hết bảo hành,2,2013-04-07
Insu1324,Prt1732,Cus152427v,Sers3324,Hết bảo hành,3,2013-03-25
Insu1325,Prt1733,Cus152458v,Sers3325,Hết bảo hành,2,2012-08-30
Insu1326,Prt1734,Cus152899v,Sers3326,Hết bảo hành,2,2012-04-05
Insu1327,Prt1735,Cus152925v,Sers3327,Hết bảo hành,3,2012-03-31
Insu1328,Prt1736,Cus153004v,Sers3328,Hết bảo hành,3,2013-01-08
Insu1329,Prt1737,Cus153228v,Sers3329,Hết bảo hành,2,2013-10-16
Insu1330,Prt1738,Cus153551v,Sers3330,Hết bảo hành,3,2012-06-21
Insu1331,Prt1739,Cus153615v,Sers3331,Hết bảo hành,1,2013-02-27
Insu1332,Prt174,Cus153696v,Sers3332,Hết bảo hành,2,2012-11-23
Insu1333,Prt1740,Cus153721v,Sers3333,Hết bảo hành,3,2012-07-18
Insu1334,Prt1741,Cus15385v,Sers3334,Hết bảo hành,2,2012-07-03
Insu1335,Prt1742,Cus153877v,Sers3335,Hết bảo hành,2,2012-11-27
Insu1336,Prt1743,Cus154350v,Sers3336,Hết bảo hành,2,2013-11-01
Insu1337,Prt1744,Cus15445v,Sers3337,Hết bảo hành,3,2012-02-27
Insu1338,Prt1745,Cus154496v,Sers3338,Hết bảo hành,1,2013-03-07
Insu1339,Prt1746,Cus15455v,Sers3339,Hết bảo hành,1,2013-09-14
Insu1340,Prt1747,Cus154664v,Sers3340,Hết bảo hành,1,2013-08-10
Insu1341,Prt1748,Cus154665v,Sers3341,Hết bảo hành,1,2013-08-31
Insu1342,Prt1749,Cus154807v,Sers3342,Hết bảo hành,3,2012-09-23
Insu1343,Prt175,Cus154867v,Sers3343,Hết bảo hành,2,2012-12-15
Insu1344,Prt1750,Cus155217v,Sers3344,Hết bảo hành,3,2013-03-14
Insu1345,Prt1751,Cus155665v,Sers3345,Hết bảo hành,1,2013-05-02
Insu1346,Prt1752,Cus155708v,Sers3346,Hết bảo hành,3,2013-12-23
Insu1347,Prt1753,Cus155958v,Sers3347,Hết bảo hành,1,2013-12-09
Insu1348,Prt1754,Cus156452v,Sers3348,Hết bảo hành,1,2012-12-12
Insu1349,Prt1755,Cus156481v,Sers3349,Hết bảo hành,3,2012-09-27
Insu1350,Prt1756,Cus156632v,Sers3350,Hết bảo hành,2,2013-12-20
Insu1351,Prt1757,Cus15677v,Sers3351,Hết bảo hành,3,2013-09-20
Insu1352,Prt1758,Cus156845v,Sers3352,Hết bảo hành,2,2012-05-20
Insu1353,Prt1759,Cus157061v,Sers3353,Hết bảo hành,2,2012-04-09
Insu1354,Prt176,Cus157170v,Sers3354,Hết bảo hành,2,2013-11-11
Insu1355,Prt1760,Cus157316v,Sers3355,Hết bảo hành,2,2013-11-11
Insu1356,Prt1761,Cus157483v,Sers3356,Hết bảo hành,3,2012-03-22
Insu1357,Prt1762,Cus157527v,Sers3357,Hết bảo hành,1,2013-06-15
Insu1358,Prt1763,Cus15798v,Sers3358,Hết bảo hành,3,2013-08-03
Insu1359,Prt1764,Cus158832v,Sers3359,Hết bảo hành,1,2013-10-10
Insu1360,Prt1765,Cus159528v,Sers3360,Hết bảo hành,2,2013-09-20
Insu1361,Prt1766,Cus159612v,Sers3361,Hết bảo hành,3,2012-02-25
Insu1362,Prt1767,Cus159645v,Sers3362,Hết bảo hành,3,2013-10-18
Insu1363,Prt1768,Cus160369v,Sers3363,Hết bảo hành,2,2012-09-15
Insu1364,Prt1769,Cus16117v,Sers3364,Hết bảo hành,3,2012-01-20
Insu1365,Prt177,Cus161242v,Sers3365,Hết bảo hành,2,2012-04-07
Insu1366,Prt1770,Cus161337v,Sers3366,Hết bảo hành,3,2013-01-09
Insu1367,Prt1771,Cus161505v,Sers3367,Hết bảo hành,3,2012-05-05
Insu1368,Prt1772,Cus161587v,Sers3368,Hết bảo hành,2,2012-05-09
Insu1369,Prt1773,Cus161689v,Sers3369,Hết bảo hành,1,2013-07-23
Insu1370,Prt1774,Cus161786v,Sers3370,Hết bảo hành,1,2013-07-09
Insu1371,Prt1775,Cus161909v,Sers3371,Hết bảo hành,1,2013-06-15
Insu1372,Prt1776,Cus162625v,Sers3372,Hết bảo hành,1,2012-04-17
Insu1373,Prt1777,Cus162947v,Sers3373,Hết bảo hành,1,2012-07-16
Insu1374,Prt1778,Cus163108v,Sers3374,Hết bảo hành,3,2013-05-03
Insu1375,Prt1779,Cus163109v,Sers3375,Hết bảo hành,2,2013-11-27
Insu1376,Prt178,Cus163198v,Sers3376,Hết bảo hành,1,2012-03-31
Insu1377,Prt1780,Cus163322v,Sers3377,Hết bảo hành,3,2013-02-18
Insu1378,Prt1781,Cus163415v,Sers3378,Hết bảo hành,2,2012-09-22
Insu1379,Prt1782,Cus163431v,Sers3379,Hết bảo hành,1,2013-05-30
Insu1380,Prt1783,Cus163449v,Sers3380,Hết bảo hành,2,2013-12-13
Insu1381,Prt1784,Cus163502v,Sers3381,Hết bảo hành,2,2012-05-28
Insu1382,Prt1785,Cus163680v,Sers3382,Hết bảo hành,3,2013-11-01
Insu1383,Prt1786,Cus164087v,Sers3383,Hết bảo hành,3,2012-11-09
Insu1384,Prt1787,Cus164122v,Sers3384,Hết bảo hành,1,2013-04-10
Insu1385,Prt1788,Cus164645v,Sers3385,Hết bảo hành,3,2012-05-16
Insu1386,Prt1789,Cus16481v,Sers3386,Hết bảo hành,2,2012-07-15
Insu1387,Prt179,Cus16611v,Sers3387,Hết bảo hành,2,2013-07-16
Insu1388,Prt1790,Cus166137v,Sers3388,Hết bảo hành,2,2013-06-07
Insu1389,Prt1791,Cus166431v,Sers3389,Hết bảo hành,2,2012-06-06
Insu1390,Prt1792,Cus166744v,Sers3390,Hết bảo hành,2,2012-03-15
Insu1391,Prt1793,Cus166811v,Sers3391,Hết bảo hành,3,2013-01-04
Insu1392,Prt1794,Cus167233v,Sers3392,Hết bảo hành,2,2012-02-02
Insu1393,Prt1795,Cus167535v,Sers3393,Hết bảo hành,3,2012-06-28
Insu1394,Prt1796,Cus167557v,Sers3394,Hết bảo hành,3,2012-02-11
Insu1395,Prt1797,Cus167625v,Sers3395,Hết bảo hành,3,2012-03-23
Insu1396,Prt1798,Cus16763v,Sers3396,Hết bảo hành,3,2012-06-11
Insu1397,Prt1799,Cus167701v,Sers3397,Hết bảo hành,1,2012-03-11
Insu1398,Prt18,Cus168114v,Sers3398,Hết bảo hành,1,2012-11-11
Insu1399,Prt180,Cus168263v,Sers3399,Hết bảo hành,2,2012-03-17
Insu1400,Prt1800,Cus168393v,Sers3400,Hết bảo hành,2,2012-02-08
Insu1401,Prt1801,Cus169711v,Sers3401,Hết bảo hành,3,2012-05-13
Insu1402,Prt1802,Cus169786v,Sers3402,Hết bảo hành,2,2013-07-23
Insu1403,Prt1803,Cus169962v,Sers3403,Hết bảo hành,1,2013-04-19
Insu1404,Prt1804,Cus170149v,Sers3404,Hết bảo hành,2,2013-03-27
Insu1405,Prt1805,Cus170179v,Sers3405,Hết bảo hành,1,2012-12-24
Insu1406,Prt1806,Cus170339v,Sers3406,Hết bảo hành,3,2012-12-11
Insu1407,Prt1807,Cus170964v,Sers3407,Hết bảo hành,3,2013-07-19
Insu1408,Prt1808,Cus170999v,Sers3408,Hết bảo hành,1,2013-07-04
Insu1409,Prt1809,Cus171211v,Sers3409,Hết bảo hành,3,2012-03-12
Insu1410,Prt181,Cus171523v,Sers3410,Hết bảo hành,1,2013-09-16
Insu1411,Prt1810,Cus171623v,Sers3411,Hết bảo hành,1,2012-08-11
Insu1412,Prt1811,Cus171651v,Sers3412,Hết bảo hành,3,2012-07-10
Insu1413,Prt1812,Cus171966v,Sers3413,Hết bảo hành,1,2012-05-19
Insu1414,Prt1813,Cus17214v,Sers3414,Hết bảo hành,3,2012-11-15
Insu1415,Prt1814,Cus172170v,Sers3415,Hết bảo hành,3,2012-03-22
Insu1416,Prt1815,Cus172371v,Sers3416,Hết bảo hành,3,2012-02-28
Insu1417,Prt1816,Cus172838v,Sers3417,Hết bảo hành,3,2012-11-10
Insu1418,Prt1817,Cus173074v,Sers3418,Hết bảo hành,3,2013-12-07
Insu1419,Prt1818,Cus173356v,Sers3419,Hết bảo hành,1,2013-10-27
Insu1420,Prt1819,Cus173391v,Sers3420,Hết bảo hành,3,2013-06-19
Insu1421,Prt182,Cus174154v,Sers3421,Hết bảo hành,1,2013-05-29
Insu1422,Prt1820,Cus174327v,Sers3422,Hết bảo hành,2,2012-07-06
Insu1423,Prt1821,Cus174346v,Sers3423,Hết bảo hành,1,2012-10-15
Insu1424,Prt1822,Cus174468v,Sers3424,Hết bảo hành,1,2012-06-04
Insu1425,Prt1823,Cus174604v,Sers3425,Hết bảo hành,2,2013-09-18
Insu1426,Prt1824,Cus174620v,Sers3426,Hết bảo hành,3,2013-05-14
Insu1427,Prt1825,Cus175178v,Sers3427,Hết bảo hành,1,2012-04-06
Insu1428,Prt1826,Cus175354v,Sers3428,Hết bảo hành,2,2012-02-10
Insu1429,Prt1827,Cus17535v,Sers3429,Hết bảo hành,3,2013-11-17
Insu1430,Prt1828,Cus175686v,Sers3430,Hết bảo hành,3,2012-10-05
Insu1431,Prt1829,Cus175740v,Sers3431,Hết bảo hành,3,2013-07-11
Insu1432,Prt183,Cus176063v,Sers3432,Hết bảo hành,2,2013-09-05
Insu1433,Prt1830,Cus176079v,Sers3433,Hết bảo hành,2,2012-03-16
Insu1434,Prt1831,Cus176401v,Sers3434,Hết bảo hành,1,2013-08-23
Insu1435,Prt1832,Cus176437v,Sers3435,Hết bảo hành,3,2012-08-15
Insu1436,Prt1833,Cus176461v,Sers3436,Hết bảo hành,3,2012-02-06
Insu1437,Prt1834,Cus176637v,Sers3437,Hết bảo hành,1,2012-12-02
Insu1438,Prt1835,Cus176732v,Sers3438,Hết bảo hành,2,2013-07-18
Insu1439,Prt1836,Cus176923v,Sers3439,Hết bảo hành,2,2012-05-09
Insu1440,Prt1837,Cus176959v,Sers3440,Hết bảo hành,2,2012-05-23
Insu1441,Prt1838,Cus177058v,Sers3441,Hết bảo hành,2,2012-02-22
Insu1442,Prt1839,Cus177118v,Sers3442,Hết bảo hành,2,2012-04-14
Insu1443,Prt184,Cus177136v,Sers3443,Hết bảo hành,1,2012-04-25
Insu1444,Prt1840,Cus177513v,Sers3444,Hết bảo hành,1,2012-12-18
Insu1445,Prt1841,Cus177568v,Sers3445,Hết bảo hành,1,2012-04-18
Insu1446,Prt1842,Cus177694v,Sers3446,Hết bảo hành,3,2012-07-25
Insu1447,Prt1843,Cus177865v,Sers3447,Hết bảo hành,2,2013-03-23
Insu1448,Prt1844,Cus177873v,Sers3448,Hết bảo hành,2,2013-03-15
Insu1449,Prt1845,Cus17795v,Sers3449,Hết bảo hành,1,2013-04-16
Insu1450,Prt1846,Cus17850v,Sers3450,Hết bảo hành,1,2012-02-15
Insu1451,Prt1847,Cus17865v,Sers3451,Hết bảo hành,3,2013-01-23
Insu1452,Prt1848,Cus178985v,Sers3452,Hết bảo hành,2,2012-12-06
Insu1453,Prt1849,Cus179911v,Sers3453,Hết bảo hành,2,2012-07-22
Insu1454,Prt185,Cus179951v,Sers3454,Hết bảo hành,2,2013-01-22
Insu1455,Prt1850,Cus179952v,Sers3455,Hết bảo hành,3,2013-08-16
Insu1456,Prt1851,Cus180093v,Sers3456,Hết bảo hành,2,2013-06-14
Insu1457,Prt1852,Cus18019v,Sers3457,Hết bảo hành,2,2012-11-17
Insu1458,Prt1853,Cus180372v,Sers3458,Hết bảo hành,1,2013-08-20
Insu1459,Prt1854,Cus181118v,Sers3459,Hết bảo hành,2,2012-04-19
Insu1460,Prt1855,Cus181352v,Sers3460,Hết bảo hành,1,2013-02-04
Insu1461,Prt1856,Cus181743v,Sers3461,Hết bảo hành,3,2012-04-10
Insu1462,Prt1857,Cus182125v,Sers3462,Hết bảo hành,2,2012-09-09
Insu1463,Prt1858,Cus182961v,Sers3463,Hết bảo hành,1,2013-12-11
Insu1464,Prt1859,Cus182969v,Sers3464,Hết bảo hành,2,2012-09-30
Insu1465,Prt186,Cus183025v,Sers3465,Hết bảo hành,2,2012-12-05
Insu1466,Prt1860,Cus183154v,Sers3466,Hết bảo hành,1,2013-05-25
Insu1467,Prt1861,Cus183243v,Sers3467,Hết bảo hành,3,2012-02-27
Insu1468,Prt1862,Cus183368v,Sers3468,Hết bảo hành,2,2013-10-09
Insu1469,Prt1863,Cus183675v,Sers3469,Hết bảo hành,1,2012-11-27
Insu1470,Prt1864,Cus183999v,Sers3470,Hết bảo hành,3,2013-12-13
Insu1471,Prt1865,Cus184518v,Sers3471,Hết bảo hành,1,2012-06-19
Insu1472,Prt1866,Cus184606v,Sers3472,Hết bảo hành,1,2012-04-23
Insu1473,Prt1867,Cus184743v,Sers3473,Hết bảo hành,2,2012-03-28
Insu1474,Prt1868,Cus184808v,Sers3474,Hết bảo hành,3,2013-01-12
Insu1475,Prt1869,Cus184835v,Sers3475,Hết bảo hành,2,2012-07-20
Insu1476,Prt187,Cus185584v,Sers3476,Hết bảo hành,1,2013-04-27
Insu1477,Prt1870,Cus186122v,Sers3477,Hết bảo hành,3,2012-12-14
Insu1478,Prt1871,Cus186397v,Sers3478,Hết bảo hành,1,2012-02-21
Insu1479,Prt1872,Cus186462v,Sers3479,Hết bảo hành,3,2013-04-10
Insu1480,Prt1873,Cus187188v,Sers3480,Hết bảo hành,2,2013-12-18
Insu1481,Prt1874,Cus187201v,Sers3481,Hết bảo hành,2,2012-02-24
Insu1482,Prt1875,Cus187332v,Sers3482,Hết bảo hành,1,2012-04-26
Insu1483,Prt1876,Cus187526v,Sers3483,Hết bảo hành,2,2013-03-15
Insu1484,Prt1877,Cus187943v,Sers3484,Hết bảo hành,3,2012-05-15
Insu1485,Prt1878,Cus188025v,Sers3485,Hết bảo hành,2,2013-02-16
Insu1486,Prt1879,Cus188319v,Sers3486,Hết bảo hành,1,2013-02-25
Insu1487,Prt188,Cus188329v,Sers3487,Hết bảo hành,2,2012-12-29
Insu1488,Prt1880,Cus188389v,Sers3488,Hết bảo hành,3,2012-10-17
Insu1489,Prt1881,Cus188432v,Sers3489,Hết bảo hành,3,2012-10-15
Insu1490,Prt1882,Cus18878v,Sers3490,Hết bảo hành,3,2013-06-07
Insu1491,Prt1883,Cus188870v,Sers3491,Hết bảo hành,1,2012-02-20
Insu1492,Prt1884,Cus18904v,Sers3492,Hết bảo hành,3,2012-06-09
Insu1493,Prt1885,Cus189114v,Sers3493,Hết bảo hành,3,2012-08-10
Insu1494,Prt1886,Cus189380v,Sers3494,Hết bảo hành,3,2012-12-25
Insu1495,Prt1887,Cus189504v,Sers3495,Hết bảo hành,1,2012-03-09
Insu1496,Prt1888,Cus189941v,Sers3496,Hết bảo hành,2,2013-09-28
Insu1497,Prt1889,Cus190141v,Sers3497,Hết bảo hành,1,2013-10-15
Insu1498,Prt189,Cus190492v,Sers3498,Hết bảo hành,2,2012-09-19
Insu1499,Prt1890,Cus190897v,Sers3499,Hết bảo hành,2,2012-01-27
Insu1500,Prt1891,Cus191033v,Sers3500,Hết bảo hành,1,2012-03-23
